Designator,Footprint,Quantity,Value,LCSC Part #
"_5, _4, _3, _2, ",,5,,
"C1, C11, C19",C_Disc_D4.3mm_W1.9mm_P5.00mm,3,105,
"C10, C3, C6",C_Disc_D4.3mm_W1.9mm_P5.00mm,3,103,
"C12, C2, C4",C_Disc_D4.3mm_W1.9mm_P5.00mm,3,101,
C13,C_Disc_D4.3mm_W1.9mm_P5.00mm,1,473,
"C14, C17, C5",C_Disc_D4.3mm_W1.9mm_P5.00mm,3,C,
"C15, C21, C7",CP_Radial_D5.0mm_P2.50mm,3,100u,
"C16, C9",CP_Radial_D5.0mm_P2.50mm,2,10u,
"C18, C20",C_Disc_D4.3mm_W1.9mm_P5.00mm,2,104,
C8,C_Disc_D4.3mm_W1.9mm_P5.00mm,1,106,
D1,D_A-405_P2.54mm_Vertical_KathodeUp,1,1S4,
D2,LED_D3.0mm_Clear,1,LED,
IC1,DIP-16_W7.62mm,1,CD2003PG,
J1,PinSocket_1x01_P2.54mm_Vertical,1,V+,
J2,PinSocket_1x01_P2.54mm_Vertical,1,GND,
J3,PinSocket_1x04_P2.54mm_Vertical,1,OLED,
J4,SMA_Amphenol_132203-12_Horizontal,1,Conn_Coaxial,
J5,PinSocket_1x01_P2.54mm_Vertical,1,SP +,
J6,PinSocket_1x01_P2.54mm_Vertical,1,SP -,
L1,L_Radial_D7.2mm_P3.00mm_Murata_1700,1,220u,
L2,L_Axial_L5.3mm_D2.2mm_P7.62mm_Horizontal_Vishay_IM-1,1,10u,
MK1,mic_XCM6035,1,Microphone_Condenser,
Q1,TO-92_HandSolder,1,2N3904,
R1,R_Axial_DIN0207_L6.3mm_D2.5mm_P2.54mm_Vertical,1,100,
R2,R_Axial_DIN0207_L6.3mm_D2.5mm_P2.54mm_Vertical,1,3.3,
R3,R_Axial_DIN0207_L6.3mm_D2.5mm_P7.62mm_Horizontal,1,100k,
R5,R_Axial_DIN0207_L6.3mm_D2.5mm_P7.62mm_Horizontal,1,100,
R6,R_Axial_DIN0207_L6.3mm_D2.5mm_P7.62mm_Horizontal,1,1k,
R7,R_Axial_DIN0207_L6.3mm_D2.5mm_P7.62mm_Horizontal,1,2k2,
R8,R_Axial_DIN0207_L6.3mm_D2.5mm_P7.62mm_Horizontal,1,4k7,
R9,R_Axial_DIN0207_L6.3mm_D2.5mm_P7.62mm_Horizontal,1,51,
"SW1, SW2, SW3",SW_PUSH_6mm,3,SW_Push,
SW4,SW_Push_2P4T,1,SW-DPDT_x4,
"T1, T3",DIY7,2,DIY7,
T2,DIY10,1,DIY10,
U1,TO-92_HandSolder,1,L7805,
U2,DIP-8_W7.62mm_Socket,1,Si5351-Aki,
U3,Seeduino XIAO THD,1,XIAO_RP2040,
U4,DIP-8_W7.62mm_Socket,1,LM386,
VR1,VR2+SW,1,10K(A)+SW,
Y1,LTMxW,1,LTM450IW,
